{"cameraMode":{"drawMode":0,"name":"Shaded","section":"Shading Mode"},"sceneLighting":true,"audioPlay":false,"sceneViewState":{"m_AlwaysRefresh":false,"showFog":true,"showSkybox":true,"showFlares":true,"showImageEffects":true,"showParticleSystems":true,"showVisualEffectGraphs":true,"m_FxEnabled":true},"in2DMode":false,"pivot":{"x":10.465707778930664,"y":1.3218907117843629,"z":10.077041625976563},"rotation":{"x":0.10853417962789536,"y":-0.116034135222435,"z":0.01275675743818283,"w":0.9872151017189026},"size":12.133015632629395,"orthographic":true}