{"cameraMode":{"drawMode":0,"name":"Shaded","section":"Shading Mode"},"sceneLighting":true,"audioPlay":false,"sceneViewState":{"m_AlwaysRefresh":false,"showFog":true,"showSkybox":true,"showFlares":true,"showImageEffects":true,"showParticleSystems":true,"showVisualEffectGraphs":true,"m_FxEnabled":true},"in2DMode":false,"pivot":{"x":-30.068767547607423,"y":1.3991491794586182,"z":23.99651336669922},"rotation":{"x":0.07343844324350357,"y":-0.8718279004096985,"z":0.1379232108592987,"w":0.46423396468162539},"size":5.205455303192139,"orthographic":true}