{"cameraMode":{"drawMode":0,"name":"Shaded","section":"Shading Mode"},"sceneLighting":false,"audioPlay":false,"sceneViewState":{"m_AlwaysRefresh":false,"showFog":true,"showSkybox":false,"showFlares":true,"showImageEffects":true,"showParticleSystems":true,"showVisualEffectGraphs":true,"m_FxEnabled":true},"in2DMode":false,"pivot":{"x":9.867528915405274,"y":1.090954065322876,"z":10.141008377075196},"rotation":{"x":0.20640629529953004,"y":-0.0014692184049636126,"z":0.0002994745736941695,"w":0.9784782528877258},"size":1.7283408641815186,"orthographic":true}